Test Lead,Initiative,Bug id,Bug Title,PDD,Severity,Node Name,Created Date,UAT category,Analysis Comments (select from drop down),Detailed PT comments
Himanshu,Advisory SA - SONG,4439137,28 March | UAT 2 | Requestor Name not coming in SA Assignment email.,3/28/2026 0:00,Medium,Pacemakers,3/23/2026,Broken functionality,,env issue
Kavi,Advisory SA - SONG,4439592,28 March | PT/ UAT 2 | Regression | Solution Component | View One Click Pricing is not available in One Click Pricing.,3/28/2026 0:00,Medium,Insurgents,3/24/2026,Broken functionality,Duplicate of PT bug,Duplicate bug
Surbhi,Advisory SA - SONG,4444939,28 March | UAT 2 | Regression | Solution Component | For Advisory SA - Song roles is able to edit the screen which is not expected.,3/28/2026 0:00,High,Simba,3/26/2026,Broken functionality,,
Pirtheebaa,Advisory SA - SONG,4436696,28 Mar | UAT 2 | Advisory SA Song | Opportunity Workflow | Define Team | SME Request Charter stepper should be enabled,3/28/2026 0:00,Medium,TechPhantoms,3/19/2026,Bug leakage,,
Anand,AEP,4438649,"28th March | UAT2 | SI AEP | Getting ""MRDR/MRDB validation failed. Please correct the data highlighted in red"" in Staffing Baseline and Profile screen for AEP version",3/28/2026 0:00,Medium,DevStormers,3/23/2026,Broken functionality,,
Anand,AEP,4444390,28th March | UAT2 | SI AEP | Profiles are not flowing for AEP Versions,3/28/2026 0:00,Medium,DevStormers,3/26/2026,Broken functionality,,
Anand,AEP,4430394,28th March | UAT2 | SI AEP | Not able to add named resources at AEP site,3/28/2026 0:00,Medium,DevStormers,3/17/2026,Bug leakage,,
Jaya,AMS ADL,4394736,28th March | UAT2 Sanity | AMS | ADL is giving validation error for Subk staffing records even though details are configured,3/28/2026 0:00,High,TechCoders,2/27/2026,Both,,
Jaya,AMS DCTA,4446898,Mar 28 | Prod Sanity | AMS DCTA | Validation Error occurs in the Labor API when triggering Request Pricing,3/28/2026 13:06,Critical,TechCoders,3/28/2026,Broken functionality,,
Jaya,AMS R2 screen,4424770,Regression : 28th March | UAT2 | AMS - Staffing | LCR values are not getting retained for Subk records after save,3/28/2026 0:00,High,TechCoders,3/13/2026,Both,,
Jaya,AMS R2 screen,4425241,28th March | UAT2 | AMS - Staffing LBS | Exported file Shows Duplicate Records.,3/28/2026 0:00,Medium,TechCoders,3/13/2026,Broken functionality,,
Jaya,AMS R2 screen,4427230,Regression: 28th March | UAT2 | AMS Staffing | Unable to apply Skill Inventory to groups on the Staffing screen.,3/28/2026 0:00,High,TechCoders,3/16/2026,Broken functionality,,
Pirtheebaa,AMS R2 screen,4427559,28thMarch || UAT || AMS || Available hours- Export is in non- editable mode,3/28/2026 0:00,High,TechCoders,3/16/2026,Broken functionality,,
Jaya,AMS R2 screen,4427711,"28th March | UAT2 | Import is getting failed, even without updating the OU file and generating ADL.",3/28/2026 0:00,Medium,TechCoders,3/16/2026,Bug leakage,,
Jaya,AMS R2 screen,4432426,28th March | UAT2 | AMS - Staffing LBS | Staffing FTE Updates Showing only M1 for Some Groups for a 3-Year Deal.,3/28/2026 0:00,High,TechCoders,3/17/2026,Broken functionality,,
Jaya,AMS R2 screen,4436907,28th March | UAT2 | AMS | Staffing import from Cross version is failing even though same profiles are mapped to groups and have same capability and skills in target version,3/28/2026 0:00,High,TechCoders,3/19/2026,Both,,
Pirtheebaa,AMS R2 screen,4437903,"March 28 | UAT 2 | Review Approvals| Reporting & Compliance | In Generative AI tab, AM/AD Assessment taken but still Gene AI Tracking Status displayed as Not Applicable which is not expected.",3/28/2026 0:00,Medium,CodeCrafters,3/20/2026,Bug leakage,,
Jaya,AMS R2 screen,4439618,Regression : 28th Mar | UAT2 | AMS | Pricing input screen data is not loading,3/28/2026 0:00,High,TechCoders,3/24/2026,Broken functionality,,
Pirtheebaa,AMS R2 screen,4440906,"Regression | UAT2 | AMS - R2 screens | Version number, version name text is getting vanished after navigating from one screen to other screen",3/28/2026 0:00,High,MYISP_Revamp_UI,3/24/2026,Both,,
Pirtheebaa,AMS R2 screen,4442345,28 March | UAT 2 | Productivity Assessment | For default Assessment Recommended Productivity value coming as zero for AM in OCP and DCTA KDA.,3/28/2026 0:00,Medium,CreativeCoders,3/25/2026,Bug leakage,,
Jaya,AMS R2 screen,4442357,"Regression | 28th March | UAT2 | AMS OCP & DCTA | In View KDA : MMS ID, Opportunity Name, and Stage Fields Showing Blank.",3/28/2026 0:00,Medium,CodingCrusaders,3/25/2026,Both,,
Jaya,AMS R2 screen,4443905,"Regression: 28th March | UAT2 | AMS | Transition Billable is marked as Yes in the Pricing Input screen, the Transition % field is still disabled in the Giddy",3/28/2026 0:00,Medium,TechCoders,3/26/2026,Broken functionality,,
Jaya,AMS R2 screen,4446063,28 March | UAT 2 | Regression | In View KDA AD productivity and Efforts Productivity against baseline (Run Rate) getting decimal difference between UI and manual Calculation.,3/28/2026 0:00,Low,CreativeCoders,3/27/2026,Broken functionality,,
Jaya,AMS R2 screen,4446944,Mar 28|| Prod Sanity || DMS || For this Sub lever 'ALM TOOLS ADOPTION & WORKFLOW AUTOMATION' Values are not matching between UI and Manual Calculation.,3/28/2026 18:15,Low,TechCoders,3/28/2026,Bug leakage,,
Jaya,AMS Refactoring Scope,4431442,UAT__AI-Foundry ___Pricing Input : Agent is not able to configure Monthly fixed price for Group wise pricing,3/28/2026 0:00,High,agentcrafters,3/17/2026,Broken functionality,,
Jaya,AMS Refactoring Scope,4431770,UAT___AI__Foundry____Pricing input : Validation message for invalid pricing option is not same as that mentioned in user story,3/28/2026 0:00,Medium,agentcrafters,3/17/2026,Broken functionality,,
Jaya,AMS Refactoring Scope,4435075,UAT____AI Foundry_SC010 Pricing: Agent is not giving validation when trying to configure Group wide pricing with no groups configured,3/28/2026 0:00,Medium,agentcrafters,3/18/2026,Both,,
Jaya,AMS Refactoring Scope,4437661,"UAT__AI--Foundry___Other Cost : Agent is not able to add Custom Shift, Data& Telecom, People, Secure Bay, Travel, Visa Charges, Laptop and Other user defined DNP Expenses  Costs under other costs",3/28/2026 0:00,High,agentcrafters,3/20/2026,Both,,
Jaya,AMS Refactoring Scope,4439703,UAT___AI__Foundry___Agent is running through ramp up and staffing steps even though prompt is related to update of Pricing input screen in existing version,3/28/2026 0:00,High,agentcrafters,3/24/2026,Broken functionality,,
Jaya,AMS Refactoring Scope,4443901,UAT___AI__Foundry___Agent is running through ramp up and staffing steps even though prompt is related to update of Other cost screen in existing version,3/28/2026 0:00,High,agentcrafters,3/26/2026,Broken functionality,,
Jaya,AMS Refactoring Scope,4446912,Mar 28|| Prod Sanity || AI--Foundry || Pricing input : Agent is not able to add fixed price based on prompt for Transition for Group wise pricing,3/28/2026 15:28,Medium,agentcrafters,3/28/2026,Both,,
Jaya,AMS Refactoring Scope,4446956,"Mar 28|| Prod Sanity || AI--Foundry || Agent is calling ""Save Pricing Configuration"" step twice",3/28/2026 0:00,Medium,agentcrafters,3/28/2026,Broken functionality,,
Jaya,AMS Refactoring Scope,4446962,"Mar 28 | Prod Sanity | AI--Foundry | Agent is throwing validation ""Duplicate Other Cost Assumption exist in Fixed & FTE based"" even though there are no records in FTE based",3/28/2026 0:00,Medium,agentcrafters,3/28/2026,Both,,
Jaya,AMS Solution Configuration Agent,4423846,UAT__AI-Foundry___OCP is getting skipped due to Differentiation screen configuration miss from Agent,3/28/2026 0:00,High,agentcrafters,3/12/2026,Broken functionality,,
Jaya,AMS Solution Configuration Agent,4424251,"UAT2__AI-Foundry___Productivity Assessment details are not updated, Gen AI details are not updated in UI but prompt shows updated successfully",3/28/2026 0:00,High,agentcrafters,3/12/2026,Both,,
Jaya,AMS Solution Configuration Agent,4424652,Regression: UAT___AI-Foundry___Agent shows Productivity Assessment is configured but version is not eligible for PA,3/28/2026 0:00,High,agentcrafters,3/13/2026,Broken functionality,,
Jaya,AMS Solution Configuration Agent,4432616,Regression : UAT___AI__foundry___Groups import is getting failed,3/28/2026 0:00,High,agentcrafters,3/17/2026,Broken functionality,,
Jaya,AMS Solution Configuration Agent,4434716,"28th March | UAT2 | Regression_Generative AI | Deal is eligible for Gen AI but details are not updated in that screen, still OCP trigger is allowed",3/28/2026 0:00,Critical,CodeCrafters,3/18/2026,Broken functionality,,
Jaya,AMS Solution Configuration Agent,4434933,Regression : UAT___AI__Foundry__Agent is throwing error while attaching valid file in chat,3/28/2026 0:00,High,GEN AI - Solution Super Agent,3/18/2026,Broken functionality,,
Jaya,AMS Solution Configuration Agent,4435388,"UAT__AI-Foundry___Gen AI| YOY details are not getting updated if mentioned beyond Y4 through Agent, version is for 8 years.",3/28/2026 0:00,Medium,agentcrafters,3/18/2026,Bug leakage,,
Jaya,AMS Solution Configuration Agent,4436945,UAT__AI-Foundry___Gen AI| Year details are given based on deal duration still able to see warning in Agent result.,3/28/2026 0:00,Medium,agentcrafters,3/19/2026,Bug leakage,,
Jaya,AMS Solution Configuration Agent,4436981,Regression : UAT___AI--Foundry____Agent shows MMP generated successfully but it is still at Sent to MMP state,3/28/2026 0:00,High,agentcrafters,3/19/2026,Broken functionality,,
Jaya,AMS Solution Configuration Agent,4436983,Regression : UAT___AI--Foundry____MDA sync is getting initiated for MMP even though it is not mentioned in prompt,3/28/2026 0:00,High,agentcrafters,3/19/2026,Both,,
Jaya,AMS Solution Configuration Agent,4437004,UAT___AI--Foundry____Soln Std Cost : Agent is not able to add Custom infra costs for specified profiles,3/28/2026 0:00,High,agentcrafters,3/19/2026,Both,,
Jaya,AMS Solution Configuration Agent,4437007,UAT__AI-Foundry___Gen AI| Version link not getting generated if prompt added for Generative AI screen changes.,3/28/2026 0:00,Medium,agentcrafters,3/19/2026,Broken functionality,,
Jaya,AMS Solution Configuration Agent,4437009,UAT___AI--Foundry____Other cost : Agent is not able to add  other cost for Trans Phase for mentioned profiles,3/28/2026 0:00,High,agentcrafters,3/19/2026,Broken functionality,,
Jaya,AMS Solution Configuration Agent,4439981,UAT___AI-Foundry____ PMO export is not available in prompt response and also not getting navigation hyperlink for the version,3/28/2026 0:00,High,agentcrafters,3/24/2026,Broken functionality,,
Jaya,AMS Solution Configuration Agent,4414807,UAT____AI Foundry_SC07 Profiles : Agent is not giving validation when Load Type ≠ Rate Type for India as work Country,3/28/2026 0:00,Medium,agentcrafters,3/9/2026,Broken functionality,,
Jaya,AMS Solution Configuration Agent,4415313,UAT__AI-Foundry__Agent is failing at groups creation step,3/28/2026 0:00,High,agentcrafters,3/9/2026,Broken functionality,,
Jaya,AMS Solution Configuration Agent,4420403,UAT____AI Foundry_SC37 Groups : Agent is giving in correct validation for deletion and unmaping the profiles,3/28/2026 0:00,Medium,agentcrafters,3/11/2026,Broken functionality,,
Jaya,AMS Solution Configuration Agent,4420822,UAT____AI Foundry_The agent should not throw an error for ‘Duplicate group name is not allowed in UI’,3/28/2026 0:00,Medium,agentcrafters,3/11/2026,Broken functionality,,
Jaya,AMS Solution Configuration Agent,4420948,"UAT____AI Foundry_The Other Cost operation failed because the required parameters (costDescription, profileName, groupName) were missing in the payload for item 'default', so the execution was skipped.",3/28/2026 0:00,Medium,agentcrafters,3/11/2026,Broken functionality,,
Jaya,AMS Solution Configuration Agent,4420975,UAT____AI Foundry_The message is incorrect when the deal is not eligible for Gen AI Embedded,3/28/2026 0:00,Medium,CodeCrafters,3/11/2026,Broken functionality,,
Jaya,AMS Solution Configuration Agent,4421151,UAT___AI-Foundry__Groups: Agent is giving successful response if prompt says activate already activated groups,3/28/2026 0:00,Medium,agentcrafters,3/11/2026,Both,,
Jaya,AMS Solution Configuration Agent,4421167,UAT____AI Foundry_SC004 Offerings in Group: Agent is mapping incorrect AMS service type when explicitly called and new group is not getting created on giving the same prompt again,3/28/2026 0:00,Medium,agentcrafters,3/11/2026,Broken functionality,,
Jaya,AMS Solution Configuration Agent,4421217,UAT2____AI Foundry_Application allows invalid Service Type Ag and updates Sub Service Type incorrectly.,3/28/2026 0:00,Medium,agentcrafters,3/11/2026,Broken functionality,,
Jaya,AMS Solution Configuration Agent,4421451,UAT___AI-Foundry___Groups : Validation error while trying to deactivate default groups is different from the one mentioned in User story,3/28/2026 0:00,Medium,agentcrafters,3/11/2026,Broken functionality,,
Jaya,AMS Solution Configuration Agent,4421742,"UAT____AI Foundry_SC30 For Edit, Activation & Deactivation getting validation error for custom groups.",3/28/2026 0:00,Medium,agentcrafters,3/11/2026,Bug leakage,,
Jaya,AMS Solution Configuration Agent,4422042,UAT___AI-Foundry___Groups : Agent is not able to Update SSG & Skill tier for mentioned custom group,3/28/2026 0:00,Medium,agentcrafters,3/11/2026,Both,,
Jaya,AMS Solution Configuration Agent,4423022,UAT___AI-Foundry__Groups: Agent is creating groups successfully for group names having special characters.,3/28/2026 0:00,Medium,agentcrafters,3/12/2026,Bug leakage,,
Jaya,AMS Solution Configuration Agent,4423026,"UAT___AI__Foundry___Groups: Agent is not able to add, update Groups and map profiles based on imported file",3/28/2026 0:00,High,agentcrafters,3/12/2026,Broken functionality,,
Jaya,AMS Solution Configuration Agent,4423203,UAT___AI__Foundry___Regression : Agent is retrieving other version details when prompt is given to create new version,3/28/2026 0:00,High,agentcrafters,3/12/2026,Broken functionality,,
Jaya,AMS Solution Configuration Agent,4423682,"Suggestion_UAT___AI-Foundry___Groups: For Creating more than 37 Custom groups, at least  Agent should show a note saying few groups skipped due to group limit exceeds.",3/28/2026 0:00,Medium,agentcrafters,3/12/2026,Bug leakage,,
Jaya,AMS Solution Configuration Agent,4423694,UAT___AI-Foundry___Groups : Agent is not able to Update Group name of custom groups,3/28/2026 0:00,Medium,agentcrafters,3/12/2026,Broken functionality,,
Jaya,AMS Solution Configuration Agent,4423802,UAT____AI Foundry_The agent does not display a validation error when an invalid service type is provided in the prompt.,3/28/2026 0:00,Medium,agentcrafters,3/12/2026,Broken functionality,,
Jaya,AMS Solution Configuration Agent,4424871,UAT____AI Foundry_The agent does not display a validation error when an invalid Contract offering is provided in the prompt.,3/28/2026 0:00,Medium,agentcrafters,3/13/2026,Broken functionality,,
Jaya,AMS Solution Configuration Agent,4425443,UAT__AI--Foundry___Groups: Agent is not throwing any warning after importing Groups with Service types having mismatched Contract Offering as mentioned in User story.,3/28/2026 0:00,Medium,agentcrafters,3/13/2026,Broken functionality,,
Jaya,AMS Solution Configuration Agent,4425603,UAT____AI Foundry_Default profiles not getting added for Turkey but Agent shows as data saved successfully,3/28/2026 0:00,Low,agentcrafters,3/13/2026,Bug leakage,,
Jaya,AMS Solution Configuration Agent,4425647,"UAT____AI Foundry_Unable to Create Profile – Error ""Couldn't Create Profiles: 0",3/28/2026 0:00,Medium,agentcrafters,3/13/2026,Broken functionality,,
Jaya,AMS Solution Configuration Agent,4425855,UAT___AI-Foundry___Parameters : Agent is not throwing any info for missing country in a prompt.,3/28/2026 0:00,Medium,agentcrafters,3/13/2026,Bug leakage,,
Jaya,AMS Solution Configuration Agent,4428667,UAT__AI--Foundry__Groups : Agent is not showing any exported file for groups screen but shows exported successfully,3/28/2026 0:00,High,GEN AI - Solution Super Agent,3/16/2026,Broken functionality,,
Jaya,AMS Solution Configuration Agent,4428995,"Regression: UAT___AI__Foundry___Groups : Agent is throwing error as ""No groups found"" even though prompt is provided for creating default groups",3/28/2026 0:00,High,agentcrafters,3/16/2026,Broken functionality,,
Jaya,AMS Solution Configuration Agent,4429094,UAT___AI-Foundry___groupwide : Agent is not throwing proper error msg when Group wide Fixed price without Total value is given.,3/28/2026 0:00,Medium,agentcrafters,3/16/2026,Bug leakage,,
Jaya,AMS Solution Configuration Agent,4429460,UAT____AI Foundry_SC004 Costing: Agent is giving system error validation when trying to import incorrect file,3/28/2026 0:00,Medium,agentcrafters,3/16/2026,Both,,
Jaya,AMS Solution Configuration Agent,4429506,UAT___AI--Foundry___Pricing Input : Agent is not able to apply Transition YOY custom margin,3/28/2026 0:00,High,agentcrafters,3/16/2026,Both,,
Jaya,AMS Solution Configuration Agent,4429580,"UAT____AI Foundry_Gen AI: The AM section is disabled when a prompt is submitted, the system should display a validation message indicating that the AM section is disabled.",3/28/2026 0:00,Medium,agentcrafters,3/16/2026,Broken functionality,,
Jaya,AMS Solution Configuration Agent,4429596,UAT2____AI Foundry_ Profile _System Configures Default Germany Profile Instead of User-Defined Custom Profile.,3/28/2026 0:00,High,agentcrafters,3/16/2026,Both,,
Jaya,AMS Solution Configuration Agent,4429632,UAT2____AI Foundry_ Groups _Profiles Incorrectly Mapped to All Groups Instead of Intended Group.,3/28/2026 0:00,High,agentcrafters,3/16/2026,Broken functionality,,
Jaya,AMS Solution Configuration Agent,4432059,UAT____AI Foundry_SC012 Costing: Agent is giving incorrect validation when trying to import file with different solution version,3/28/2026 0:00,Medium,agentcrafters,3/17/2026,Both,,
Jaya,AMS Solution Configuration Agent,4432300,UAT2____AI Foundry_ Costing _ PMO Export Fails with MCP Connector Error (401 Unauthorized – 'MyIsp_MCP_Label'),3/28/2026 0:00,High,agentcrafters,3/17/2026,Broken functionality,,
Jaya,AMS Solution Configuration Agent,4432317,UAT___AI-Foundry__Pricing Input : Agent is throwing validation message which is not expected for Deal wide YOY custom margin,3/28/2026 0:00,High,agentcrafters,3/17/2026,Both,,
Jaya,AMS Solution Configuration Agent,4432433,UAT___AI__Foundry _____Costing : Agent is not able to add Solution standard cost using fuzzy logic (partial name of profiles),3/28/2026 0:00,High,agentcrafters,3/17/2026,Broken functionality,,
Jaya,AMS Solution Configuration Agent,4432440,UAT____AI Foundry_SC004 Costing: Agent is not giving proper  validation when trying to import incorrect file.,3/28/2026 0:00,Medium,agentcrafters,3/17/2026,Bug leakage,,
Jaya,AMS Solution Configuration Agent,4434967,UAT__AI--Foundry___Gen AI: Differentiation is marked apart from GenWizard still getting incorrect message in Agent and also unable to see update on UI under Generative AI screen.,3/28/2026 0:00,High,agentcrafters,3/18/2026,Broken functionality,,
Jaya,AMS Solution Configuration Agent,4435831,UAT__AI__Foundry____Agent is not able to configure Secured bay and shift costs based on prompt,3/28/2026 0:00,High,agentcrafters,3/18/2026,Broken functionality,,
Jaya,AMS Solution Configuration Agent,4436843,UAT2____AI Foundry_Pricing Input_ Agent shows Imported Pricing input  successfully but not visible in UI.,3/28/2026 0:00,High,agentcrafters,3/19/2026,Broken functionality,,
Jaya,AMS Solution Configuration Agent,4436982,UAT____AI Foundry_SC004 Solution Standard cost: Agent is not able to cases with insensitive matching.,3/28/2026 0:00,Medium,agentcrafters,3/19/2026,Bug leakage,,
Jaya,AMS Solution Configuration Agent,4437233,UAT___AI-Foundry__Pricing Input : Agent is not able to apply Transition custom margin under Deal wide YOY,3/28/2026 0:00,Medium,agentcrafters,3/20/2026,Broken functionality,,
Jaya,AMS Solution Configuration Agent,4437419,UAT 2____AI Foundry_TC06 Ratecard Export/Import: In version ratecard screen : Agent shows Ratecard Imported successfully but updated details are not reflecting in UI.,3/28/2026 0:00,High,agentcrafters,3/20/2026,Broken functionality,,
Jaya,AMS Solution Configuration Agent,4437699,UAT____AI Foundry_SC04 : Data in the KDA export generated by agent is not in sync with KDA,3/28/2026 0:00,Medium,agentcrafters,3/20/2026,Both,,
Jaya,AMS Solution Configuration Agent,4438141,UAT 2____AI Foundry_Expected Error Not Thrown for Invalid Group – New Group Created Instead.,3/28/2026 0:00,High,agentcrafters,3/20/2026,Both,,
Jaya,AMS Solution Configuration Agent,4438217,UAT__AI--Foundry___Costing >>PMO : PMO import is getting failed,3/28/2026 0:00,High,agentcrafters,3/20/2026,Broken functionality,,
Jaya,AMS Solution Configuration Agent,4438243,UAT___AI--Foundry___Agent is not throwing any error if wrong value is used for Gen AI screen fields,3/28/2026 0:00,Medium,agentcrafters,3/20/2026,Both,,
Jaya,AMS Solution Configuration Agent,4438278,UAT____AI Foundry_Profiles are not getting created for default and Custom as mentioned in Prompt.,3/28/2026 0:00,High,agentcrafters,3/20/2026,Bug leakage,,
Jaya,AMS Solution Configuration Agent,4439041,"28th March | PT/UAT2 | SI/AMS/IMS | In the downloaded Resource Level Summary report, the group sequence in the “Group (or) Release Summary View” sheet is not correct.",3/28/2026 0:00,Medium,CodingCrusaders,3/23/2026,Both,,
Jaya,AMS Solution Configuration Agent,4439180,"UAT__AI--Foundry___Gen AI: Differentiation is marked apart from GenWizard, GenAI tracking section marked as Non embedded but reason not selected still showing as GenAI config save successfully.",3/28/2026 0:00,High,agentcrafters,3/23/2026,Bug leakage,,
Jaya,AMS Solution Configuration Agent,4439261,UAT2____AI Foundry_Rate Card_Download file link is not available post successful prompt.,3/28/2026 0:00,High,agentcrafters,3/23/2026,Both,,
Jaya,AMS Solution Configuration Agent,4439319,UAT____AI Foundry_SC06:  Agent is giving success message for MSDA sync even though OCP trigger is not initiated,3/28/2026 0:00,Medium,agentcrafters,3/23/2026,Both,,
Jaya,AMS Solution Configuration Agent,4439562,"UAT2____AI Foundry_ Tax Input_ Getting error in Tax screen for Selling Country not configured, even when it is already present.",3/28/2026 0:00,Critical,agentcrafters,3/24/2026,Both,,
Jaya,AMS Solution Configuration Agent,4439950,UAT____AI Foundry_SC017 Costing: Agent is giving incorrect validation when trying to import file with incorrect profiles/billcode,3/28/2026 0:00,Medium,agentcrafters,3/24/2026,Both,,
Jaya,AMS Solution Configuration Agent,4440800,"UAT2____AI Foundry_ Differentiation_ Getting error in Sustainability differentiation as ""save failed - Partial failure""",3/28/2026 0:00,High,agentcrafters,3/24/2026,Broken functionality,,
Jaya,AMS Solution Configuration Agent,4440841,"UAT__AI--Foundry___ Prompt Library | High level version creation | OCP is getting skipped due to ""Unable to retrieve ClientId"" error",3/28/2026 0:00,Critical,agentcrafters,3/24/2026,Broken functionality,,
Jaya,AMS Solution Configuration Agent,4440926,UAT___AI--Foundry___NRR : Agent shows NRR is imported successfully but it is not imported in version,3/28/2026 0:00,High,agentcrafters,3/24/2026,Broken functionality,,
Jaya,AMS Solution Configuration Agent,4440949,Regression : UAT___AI--Foundry____Profiles : Import profile shows profiles added successfully but no changes in UI,3/28/2026 0:00,High,agentcrafters,3/24/2026,Broken functionality,,
Jaya,AMS Solution Configuration Agent,4440975,UAT2____AI Foundry_ LBS_ Getting different data from UI for skills in exported file for LBS staffing.,3/28/2026 0:00,High,agentcrafters,3/24/2026,Broken functionality,,
Jaya,AMS Solution Configuration Agent,4443404,Regression : UAT___AI__Foundry___Prompt results are inconsistent if run more than once,3/28/2026 0:00,High,agentcrafters,3/25/2026,Both,,
Jaya,AMS Solution Configuration Agent,4443680,UAT__AI--Foundry___Resgression_Agent is not taking productivity assessment for end to end version creation prompt.,3/28/2026 0:00,High,agentcrafters,3/25/2026,Both,,
Jaya,AMS Solution Configuration Agent,4443745,Regression | UAT___AI-Foundry__Pricing Input : Modifying from Deal wide Target Margin to Custom Margin is not working as expected on UI,3/28/2026 0:00,High,agentcrafters,3/25/2026,Broken functionality,,
Jaya,AMS Solution Configuration Agent,4443746,Regression | UAT___AI-Foundry__Group: Both prompts having same Group configuration but in UI able to see different configuration,3/28/2026 0:00,Medium,agentcrafters,3/25/2026,Both,,
Jaya,AMS Solution Configuration Agent,4444090,Mar 28 | UAT2 | Agent AI Foundry | Profile NRR | Import Generate Named Resource Report is getting failed on generating through Agent but manually it is working fine.,3/28/2026 0:00,Low,agentcrafters,3/26/2026,Both,,
Jaya,AMS Solution Configuration Agent,4445055,UAT__AI---Foundry____NRR : Agent is not displaying info message about the number of profiles added and skipped during NRR import if existing profiles New profiles count is more than 40,3/28/2026 0:00,Medium,agentcrafters,3/26/2026,Both,,
Jaya,AMS Solution Configuration Agent,4445308,UAT____AI Foundry_SC08:  Agent is not giving validation when staffing import is partial due to invalid or empty rate card role,3/28/2026 0:00,Medium,agentcrafters,3/26/2026,Both,,
Jaya,AMS Solution Configuration Agent,4446921,Mar 28|| Prod Sanity || AI--Foundry || Groups: group import is getting failed and not all details are getting updated based in imported file,3/28/2026 0:00,Medium,agentcrafters,3/28/2026,Broken functionality,,
Jaya,AMS Solution Configuration Agent,4446922,"Mar 28 | Prod Sanity | Agent AI Foundry | Group | Lower Environment Shows Warning for 50 Group Creation, but Prod Displays Only Informational Message",3/28/2026 0:00,Low,agentcrafters,3/28/2026,Broken functionality,,
Jaya,AMS Solution Configuration Agent,4446940,Mar 28 | Prod Sanity | Agent AI Foundry | Import Costing PMO Is not working Agent shows Imported Successfuly but not refelecting in UI.,3/28/2026 0:00,Medium,agentcrafters,3/28/2026,Broken functionality,,
Jaya,AMS Solution Configuration Agent,4446945,Mar 28|| Prod Sanity || AI--Foundry || Agent is not displaying info message if staffing is imported with rate card applied to records even though Pricing input is not hourly rate,3/28/2026 0:00,High,agentcrafters,3/28/2026,Broken functionality,,
Jaya,AMS Solution Configuration Agent,4446969,Mar 28 | Prod Sanity | Agent AI Foundry | Not getting version hyperlink even after successful version creation,3/28/2026 0:00,High,agentcrafters,3/28/2026,Broken functionality,,
Jaya,AMS Solution Configuration Agent,4446971,Mar 28 | Prod Sanity | Agent AI Foundry | Gen AI | Inconsistent Validation for Invalid SME Format Between Lower and Prod.,3/28/2026 11:41,Low,agentcrafters,3/28/2026,Broken functionality,,
Jaya,AMS Solution Configuration Agent,4446975,Mar 28 | Prod Sanity | Agent AI Foundry | Prompt Library | Sequence of the Default Prompts are different between Prod and Lower.,3/28/2026 0:00,Low,agentcrafters,3/28/2026,Broken functionality,,
Jaya,AMS-Regression,4440861,28th March | UAT2 | AMS | Regression | Not getting validation when rate card is not configured for PMO in pricing input,3/28/2026 0:00,Medium,TechCoders,3/24/2026,Both,,
Devika,Analytics,4388410,Feb21|| Prod Sanity || New AMS VT | Getting Huge values of Pyramid child metrics,2/21/2026 0:00,High,Cognilytics,2/23/2026,Both,PT miss - negative/boundary/rare case scenario,
Devika,Analytics,4435101,28 March | UAT 2 | Getting mismatch between Reporting/SA Assignment Layer and UI.,3/28/2026 0:00,High,Cognilytics,3/18/2026,Broken functionality,Duplicate of PT bug,
Shini,BPMS Onboarding,4413084,14 Mar || UAT || PT2 || BPMS || Compliance Score is showing RED RAG with 0% instead of NA where criteria is not met for the deal.,3/14/2026 0:00,Medium,TechWarriors,3/6/2026,Both,,
Raji,CDAT,4439035,March 28 || Regression || CDAT SME  || In all documents tab Except for Missing documents the document name is in not editable format .,3/28/2026 0:00,Medium,TechTribe,3/23/2026,Broken functionality,Parallel UAT Execution,
Raji,CDAT,4439025,"March 28th || Regression || CDAT,CM SME || in Assessment details Stakeholder NA Values Missing After Gap Deletion and Re-Export",3/28/2026 0:00,Medium,TechTribe,3/23/2026,Broken functionality,Broken Functionality - This bug was working fine during PT testing,
Shini,DCSO,4427354,28th March | UAT2 | DCSO | In IMS Deal Solution Version not flowing in drop down.,3/28/2026 0:00,High,TechStars,3/16/2026,Broken functionality,,
Shini,DCSO,4429386,"28th March | UAT2 | DCSO | under mange page, Last activity tab name is not correct as expected for Digital DCSO",3/28/2026 0:00,Low,TechStars,3/16/2026,Broken functionality,,
Shini,DCSO,4429489,"28th March | UAT2 | DCSO | In SI Deal When we navigate from Digital DCSO screen to Last activity tile under mange, last activity tile name is not updated as per current logic.",3/28/2026 0:00,Medium,TechStars,3/16/2026,Broken functionality,,
Shini,DCSO,4430368,28th March | UAT2 | DCSO | AMS | In KDA/Report screen when click on Generate New DCSO status stuck in Queued.,3/28/2026 0:00,Medium,TechCoders,3/17/2026,Broken functionality,,
Shini,DCSO,4430481,28th March | UAT2 | DCSO | After clicking on generate DCSO Button it is showing as Generate Queued instead of Generated in status Column for all the SGS,3/28/2026 0:00,Critical,TechStars,3/17/2026,Broken functionality,,
Shini,DCSO,4434415,28th March | UAT2 | DCSO | AMS | In upload your file popup alignment not showing correct.,3/28/2026 0:00,Low,TechStars,3/18/2026,Broken functionality,,
Shini,DCSO,4434445,"28th March | UAT2 | DCSO | AMS | In action item ,when we generate DCSO and upload the DCSO file, it is taking time to enable icons",3/28/2026 0:00,Low,TechStars,3/18/2026,Broken functionality,,
Shini,DCSO,4434451,"28th March | UAT2 | DCSO | After uploading the generated file without editing any fields into DCSO, it is showing as no error found pop-up. On clicking on continue it is showing as updated with validation symbol",3/28/2026 0:00,Medium,TechStars,3/18/2026,Bug leakage,,
Shini,DCSO,4435120,"28th March | UAT2 | DCSO | IMS | When we click generate DCSO, status showing as failed.",3/28/2026 0:00,High,TechStars,3/18/2026,Broken functionality,,
Shini,DCSO,4436653,28th March | UAT2 | DCSO | AMS | SI | Multiple issue in DCSO Screen .,3/28/2026 0:00,Low,TechStars,3/19/2026,Broken functionality,,
Shini,DCSO,4436797,"28th March | UAT2 | DCSO | AMS | when login with single tower Deal with super user access, but in Digital DCSO screen All SG dropdown enabled.",3/28/2026 0:00,Medium,TechStars,3/19/2026,Broken functionality,,
Shini,DCSO,4437241,28th March | UAT2 | DCSO |AMS | SI | After uploading The File status as showing as failed.,3/28/2026 0:00,High,TechStars,3/20/2026,Broken functionality,,
Shini,DCSO,4437251,28th March | UAT2 | DCSO | IMS | Multiple issue face in IMS in Digital DCSO,3/28/2026 0:00,High,TechStars,3/20/2026,Broken functionality,,
Shini,DCSO,4438691,28th March | UAT2 | DCSO | Under Digital DCSO after generating file status is not highlighted to green and uploading the file not highlighted to blue color.,3/28/2026 0:00,Low,TechStars,3/23/2026,Broken functionality,,
Shini,DCSO,4438810,28th March | UAT2 | DCSO | AMS | SI | When we upload the different version Generated DCSO file it will accept in Digital DCSO.,3/28/2026 0:00,Medium,TechStars,3/23/2026,Broken functionality,,
Shini,DCSO,4439313,"28th March | UAT2 | DCSO | SI | In staffing baseline screen, in Release tab skill are not flowing.",3/28/2026 0:00,Medium,TechAvengers,3/23/2026,Broken functionality,,
Shini,DCSO,4439321,28th March | UAT2 | DCSO | AMS | In Digital DCSO template FTA Count is not Match in staffing screen.,3/28/2026 0:00,High,TechStars,3/23/2026,Broken functionality,,
Shini,DCSO,4439557,"28th March | UAT2 | DCSO | In Digital Documentation Tile, Digital DCSO Tab it is not showing for all the SG.",3/28/2026 0:00,Critical,TechStars,3/24/2026,Broken functionality,,
Shini,DCSO,4441769,28th March | UAT2 | DCSO | IMS | SI Version dropdown is enabled in IMS single tower deal,3/28/2026 0:00,Medium,TechStars,3/24/2026,Broken functionality,,
Shini,DCSO,4441825,28th March | UAT2 | DCSO | AMS | Multiple issues under Skill inventory in staffing screen for closed deal,3/28/2026 0:00,High,TechCoders,3/24/2026,Broken functionality,,
Shini,DCSO,4443851,28th March | UAT2 | DCSO | Under skill inventory when we select any Business group option in dropdown it is directly taking all the options of skills,3/28/2026 0:00,Low,TechCoders,3/26/2026,Broken functionality,,
Shini,DCSO,4444283,28th March | UAT2 | DCSO | SI | Multiple issues under Skill inventory in staffing screen for closed deal,3/28/2026 0:00,High,TechAvengers,3/26/2026,Broken functionality,,
Shini,DCSO,4444784,28th March | UAT2 | DCSO | SI | In Digital DCSO template FTA Count is not Match in staffing screen.,3/28/2026 0:00,High,TechStars,3/26/2026,Broken functionality,,
Shini,DCSO,4445840,Regression | 28th March | UAT2 | DCSO | SI | Staffing Inventory not matching in UI with Generated DCSO Template.,3/28/2026 0:00,Low,TechStars,3/26/2026,Broken functionality,,
Shini,DCSO,4445990,"Regression | 28th March | UAT2 | DCSO | IMS | When the DCSO file is uploaded after editing the mandatory fields, the changes are not retained when the file is downloaded again",3/28/2026 0:00,Medium,TechStars,3/26/2026,Broken functionality,,
Shini,DCSO,4446907,Mar 28 | Prod Sanity | AMS | DCSO | Skill is not flowing in Digital DCSO file.,3/28/2026 13:06,High,TechStars,3/28/2026,Broken functionality,,
Shini,DCSO,4446910,Mar 28 | Prod Sanity | AMS | DCSO | In Skill Inventory drop skill not flowing for AMS Closed deal.,3/28/2026 13:06,High,TechCoders,3/28/2026,Broken functionality,,
Shini,DCSO,4446914,Mar 28 | Prod Sanity | SI | DCSO | In Skill Inventory drop data not flowing for SI Closed deal.,3/28/2026 13:06,High,TechAvengers,3/28/2026,Broken functionality,,
Shini,DCSO,4446967,Mar 28 | Prod Sanity | DCSO | Extension deal Generate DCSO is Enabled for All SG.,3/28/2026 0:00,Medium,Pirates,3/28/2026,Bug leakage,,
Devika,DFD-myISP,4445300,"28 March | UAT 2 | Solution Component | In One Click Pricing, Multi Service Deal Analytics Report is enabled for Overall Delivery Song Approver role.",3/28/2026 0:00,Low,CreativeCoders,3/26/2026,Bug leakage,Deal Specific issue,
Leena,DSP,4411391,14th March | UAT | DSP | Risks/Assumptions | Assumptions table is overflowing in downloaded PPT/PDF,3/14/2026 0:00,Medium,Ninjawarriors,3/5/2026,Broken functionality,,
Leena,DSP,4426375,March 14th || Prod Sanity || DSP || Contractual Assumptions 1st slide is empty in downloaded PPT/PDF,3/14/2026 17:20,Medium,Ninjawarriors,3/14/2026,Broken functionality,,
Leena,DSP,4443744,Regression | 28th March | UAT2 | DSP | SGC | The date format is not matching in schedule field with the submission date in opportunity on a page,3/28/2026 0:00,Low,Pirates,3/25/2026,Bug leakage,,
Pirtheebaa,ESA to Market Maker ESA,4435880,28 Mar | UAT 2 | IMS | Market Maker ESA | Unable to edit inspire screens,3/28/2026 0:00,High,myISP_IMS,3/18/2026,Bug leakage,,
Devika,Role Rename Analytics,4445121,28 March | UAT 2 | Regression | In Pipeline Reports ESA is not renamed to Market Maker ESA.,3/28/2026 0:00,Medium,Cognilytics,3/26/2026,Broken functionality,Data Issue - Not working for UAT deal/works fine in PT deal,
Hajara,GEN AI,4429646,"28th Mar | UAT | Gen AI | SSA | ""Find Relevent Learnings"" prompt not giving proper response",3/28/2026 0:00,Medium,GEN AI - Solution Super Agent,3/16/2026,Broken functionality,,
Hajara,GEN AI,4429672,28th Mar | UAT | Gen AI | HSP | Bottom line getting cutoff in HSP chat,3/28/2026 0:00,Low,GEN AI - Solution Super Agent,3/16/2026,Broken functionality,,
Hajara,GEN AI,4437214,28th March | UAT2 | GEN AI | Learnings | Benchmark filters drop-down are flowing outside of the pop-up,3/28/2026 0:00,Low,QDI - Opportunity Metrics,3/20/2026,Bug leakage,,
Hajara,GEN AI,4437862,28 March | UAT 2 | Review Approvals | Reporting & Compliance | Generative AI tab having issues.,3/28/2026 0:00,Medium,CodeCrafters,3/20/2026,Bug leakage,,
Hajara,GEN AI,4439126,Mar 28 | UAT 2 | GenAI | SSA | Issues in Reporting PII,3/28/2026 0:00,Medium,GEN AI - Solution Super Agent,3/23/2026,Bug leakage,,
Hajara,GEN AI,4439593,"28th Mar | UAT2 | Gen AI | SRA | Client name, Stage & RDE is not flowing in Review agent",3/28/2026 0:00,Medium,Gen AI - Solution Review Agent,3/24/2026,Broken functionality,,
Hajara,GEN AI,4439660,"28th Mar | UAT2 | Gen AI | SRA | Issue in ""Start New Review"" popup",3/28/2026 0:00,Medium,Gen AI - Solution Review Agent,3/24/2026,Bug leakage,,
Hajara,GEN AI,4439704,28th Mar | UAT2 | Gen AI | SRA | DLC Master version is not getting auto selected in Review Agent,3/28/2026 0:00,Medium,Gen AI - Solution Review Agent,3/24/2026,Bug leakage,,
Hajara,GEN AI,4439757,Regression | 28th Mar | UAT2 | Gen AI | SSA | Opportunity is not getting Auto- selected when navigating from opportunity workflow,3/28/2026 0:00,Low,GEN AI - Solution Super Agent,3/24/2026,Broken functionality,,
Hajara,GEN AI,4440392,28th Mar | UAT2 | Gen AI | SRA | Run Full Review is not working,3/28/2026 0:00,Medium,Gen AI - Solution Review Agent,3/24/2026,Bug leakage,,
Hajara,GEN AI,4444203,"28th Mar | UAT2 | Gen AI | SSA | In Instructions of PII form, last word is mentioned as ""Output"" instead of ""Response"" when opening chat inside any module",3/28/2026 0:00,Low,GEN AI - Solution Super Agent,3/26/2026,Broken functionality,,
Hajara,GEN AI,4445126,"Regression | 28th Mar | UAT2 | GenAI | CDAT | ""Last updated On"" time stamp is not getting updated When deleting Gaps inside version.",3/28/2026 0:00,Low,TechTribe,3/26/2026,Broken functionality,,
Hajara,GEN AI,4423290,"28th March | UAT2 | GEN AI | HSP||After providing the prompt, it is taking additional time to retrieve the data.",3/28/2026 0:00,Medium,GEN AI - Solution Super Agent,3/12/2026,Broken functionality,,
Hajara,GEN AI,4425175,28th March | UAT2 | GEN AI | Learnings | Issues in Select span of search benchmark tab,3/28/2026 0:00,Medium,QDI - Opportunity Metrics,3/13/2026,Bug leakage,,
Devika,IMS DCTA,4387500,Feb21|| Prod Sanity || IMS VT | Nearshore ratio metric value is not in sync with DCTA view KDA,2/21/2026 0:00,Medium,Cognilytics,2/23/2026,Both,Parallel UAT Execution,
Jaya,IMS OCP/DCTA,4443256,Regression : 28th Mar | IMS OCP | Fixed price values are not flowing correctly into OCP price to client,3/28/2026 0:00,High,CodingCrusaders,3/25/2026,Both,,
Jaya,IMS OCP/DCTA,4443607,Regression : 28th Mar | IMS OCP | Role Data is reflecting incorrect in case of Management.,3/28/2026 0:00,High,myISP_IMS,3/25/2026,Both,,
Jaya,IMS OCP/DCTA,4436372,Regression : 28th Mar | UAT2 | IMS OCP&DCTA | Nearshore data is not flowing in OCP & DCTA reports even after triggering with Nearshore,3/28/2026 0:00,High,myISP_IMS,3/19/2026,Broken functionality,,
Devika,MSDA,4425373,UAT2| March 28th| MSDA| Format of Year filter under Pyramid Monthly tab is not in sync across the reports.,3/28/2026 0:00,Low,SolutionDataLake,3/13/2026,Bug leakage,Role related - there were many roles to validate so PT covered only possible roles,
Pirtheebaa,myISP Enhancements,4439338,28 March | UAT 2 | What Are We Solving | Scope screen not loading.,3/28/2026 0:00,High,TechWarriors,3/23/2026,Broken functionality,,
Devika,myISP Enhancements,4443455,28 March | UAT 2 | In Reporting Layer | IMS KDA Adherence Score - Status tabs values flowing for SI in PMO report.,3/28/2026 0:00,Critical,Cognilytics,3/25/2026,Bug leakage,"Rejected Bugs -(As Designed, invalid)",
Pirtheebaa,myISP Enhancements,4425516,"28 Mar | UAT 2 | Super User | MMS ID details are not flowing , as screen going on endless rotation",3/28/2026 0:00,High,TechPhantoms,3/13/2026,Broken functionality,,
Anand,PCW,4427775,March 28th | UAT2 | PCW/UI | Deal wide pricing is not getting copied from source version to PCW checked version (Target Version).,3/28/2026 0:00,Medium,TechAvatar,3/16/2026,Bug leakage,,
Anand,PCW,4429441,March 28th | UAT2 | PCW/UI | Getting System error while exporting in staffing Baseline screen in UI.,3/28/2026 0:00,High,TechAvengers,3/16/2026,Broken functionality,,
Anand,PCW,4431397,March 28th | UAT2 | PCW/UI | Pricing Input | Unable to save the Deal Wide Pricing Screen after changing from Margin to Fixed Billing for Target Version PCW Checked in Version.,3/28/2026 0:00,Medium,TechAvatar,3/17/2026,Bug leakage,,
Anand,PCW,4434970,March 28th | UAT2 | PCW | Getting 400 Error while check in.,3/28/2026 0:00,Critical,TechAvatar,3/18/2026,Broken functionality,,
Anand,PCW,4435334,March 28th | UAT2 | PCW/UI | Pricing Input | PMO line Item is not getting added in Release wise pricing even after rate cards were added in staffing baseline for PCW checked in Version.,3/28/2026 0:00,High,TechAvatar,3/18/2026,Broken functionality,,
Anand,PCW,4436579,"March 28th | PT/UAT2 | PCW | The 8.7 template has not been released yet, and we are facing the following issue.",3/28/2026 0:00,Low,TechAvatar,3/19/2026,Broken functionality,,
Anand,PCW,4436633,March 28th | UAT2 | PCW/UI | Pricing Input | Unable to save the Release wise pricing Screen after Modifying data,3/28/2026 0:00,High,TechAvatar,3/19/2026,Broken functionality,,
Anand,PCW,4437219,"March 28th | UAT2 | PCW |After refresh, facing Checking template version 500",3/28/2026 0:00,Critical,mySPIntegratedSolutionPlatform,3/20/2026,Broken functionality,,
Anand,PCW,4437881,March 28th | UAT2 | PCW | While Downloading Online SDL facing run time error,3/28/2026 0:00,High,TechAvatar,3/20/2026,Broken functionality,,
Anand,PCW,4437898,March 28th | UAT2 | PCW | Solution Line ID Getting Some time Small Letter and Some time Capital Letter,3/28/2026 0:00,Low,TechAvatar,3/20/2026,Bug leakage,,
Anand,PCW,4438154,March 28th | UAT2 | PCW | DSCO| PCW Versions are not flowing on the Digital DSCO screen,3/28/2026 0:00,High,Pirates,3/20/2026,Bug leakage,,
Anand,PCW,4438761,March 28th | UAT2 | PCW | Copy Functionality | Fixed Price Premium % value is not flowing from Source PCW version to Target PCW version in Deal Wise Pricing screen,3/28/2026 0:00,Medium,DevStormers,3/23/2026,Bug leakage,,
Anand,PCW,4439331,March 28th | UAT2 | PCW | Total ACN Labor Cost and Total ACN Days are not flowing to the Staffing baseline in UI for the PCW version,3/28/2026 0:00,High,TechAvatar,3/23/2026,Broken functionality,,
Anand,PCW,4439670,"March 28th | UAT2 | PCW | After Downloading PCW, Template name is coming as Different without MMS ID.",3/28/2026 0:00,Medium,TechAvengers,3/24/2026,Broken functionality,,
Anand,PCW,4439675,"March 28th | UAT2 | PCW | Mismatch in Margin, Margin type, rate card in type release wise pricing During source PCW version to Target PCW version",3/28/2026 0:00,Critical,TechAvatar,3/24/2026,Bug leakage,,
Anand,PCW,4440899,March 28th | UAT2 | PCW | DSCO Screen| After Generate DCSO The File status as showing as failed for PCW version,3/28/2026 0:00,High,TechStars,3/24/2026,Broken functionality,,
Anand,PCW,4441799,March 28th | UAT2 | PCW | Release wise pricing | Hourly rate is not updating in UI pricing Option even after added rate cards in staffing baseline.,3/28/2026 0:00,High,TechAvatar,3/24/2026,Broken functionality,,
Anand,PCW,4442677,March 28th | UAT2 | PCW |  In Staffing Baseline Total ACN Days and Total Project Days Sum is incorrect,3/28/2026 0:00,Low,mySPIntegratedSolutionPlatform,3/25/2026,Broken functionality,,
Anand,PCW,4444094,Query |March 28th | UAT2 | PCW |   The solution line id appears in capital letters in the PCW Template but in the DSCO report it is coming in small letter,3/28/2026 0:00,Low,TechAvatar,3/26/2026,Bug leakage,,
Anand,PCW,4444384,March 28th | UAT2 | PCW/ UI | Deal wide Pricing | When the Source version is saved in Deal wide pricing >> Target version is navigating to Release wise pricing.,3/28/2026 0:00,Medium,TechAvatar,3/26/2026,Broken functionality,,
Anand,PCW,4444995,March 28th | UAT2 | PCW/ UI | Release wise Pricing | After saving the screen in Release wise pricing remaining unchanged rows are wiping of for scratch checked in versions.,3/28/2026 0:00,Medium,DevStormers,3/26/2026,Broken functionality,,
Anand,PCW,4445127,"March 28th | UAT2 | PCW/ UI |The staffing baseline release is set to 0 FTE, but releases are still appearing in the release-wise Pricing",3/28/2026 0:00,Medium,TechAvatar,3/26/2026,Broken functionality,,
Pirtheebaa,PLD,4425530,28 Mar | UAT 2 | PLD | Opportunity Workflow | Getting blank pages for all 10 guided workflow tiles,3/28/2026 0:00,High,TechWarriors,3/13/2026,Broken functionality,,
Pirtheebaa,PLD,4436895,March 28th| PLD | UAT 2 | No mail is received after the cancelation of SA assignments.,3/28/2026 0:00,High,Pacemakers,3/19/2026,Broken functionality,,
Himanshu,PLD,4440662,"Mar28 | UAT2 | Regression | PLD | For Market Maker ESA cancelation mail of Multi Tower deal containing BPMS, if Market Maker ESA is assigned for all SGs, in mail it will only reflect for BPMS",3/28/2026 0:00,Medium,Pacemakers,3/24/2026,Bug leakage,,
Kavi,Pricing,4427098,28th March | UAT2 | SI OCP | [Deal Specific] Getting error while downloading resource level report,3/28/2026 0:00,Medium,Insurgents,3/16/2026,Broken functionality,Cannot Reproduce,Not rpero
Kavi,SI DCTA,4429449,28th March | UAT2 | SI | Not able to save Tax input screen,3/28/2026 0:00,Medium,DevStormers,3/16/2026,Broken functionality,Broken Functionality - This bug was working fine during PT testing,Broken bug
Kavi,SI DCTA,4429559,28th March | UAT2 | SI DCTA| In Expense tab under % of price spacing issue when selected Deal wise(Target/margin) Pricing method,3/28/2026 0:00,Low,DevStormers,3/16/2026,Bug leakage,Deal Specific issue,Deal specific
Hajara,SSA,4424590,Regression: UAT___AI_Foundry___SSA____Not getting correct URL for created version in Agent response,3/28/2026 0:00,High,agentcrafters,3/13/2026,Broken functionality,,
Nandini,Value Shaping,4426651,28 March || UAT2|| Value Shaping | V2V Configurator user able to update data in Mobilization Calculator,3/28/2026 0:00,Medium,Everest,3/16/2026,Bug leakage,PT miss - negative/boundary/rare case scenario,
Jaya,Value Shaping,4426827,"28 March || UAT2|| Value Shaping | V2V Configurator user able to Reset MOTE and able to generate ADL, RP/OCP",3/28/2026 0:00,Medium,TechCoders,3/16/2026,Bug leakage,,
Nandini,Value Shaping,4435338,"28 March || UAT2|| Value Shaping | SVP summary | In Downloaded PDF Under Benchmark and size of prize View, User able to view SOP column data eventhough in UI we dont have",3/28/2026 0:00,Medium,Spartans,3/18/2026,Bug leakage,Deal Specific issue,
Nandini,Value Shaping,4437291,28 March || UAT2 || Value Shaping | In SOP Input values linked in configurator link is not  populating when KPI as benchmark values from back end,3/28/2026 0:00,Medium,Spartans,3/20/2026,Bug leakage,Environment Related - same bug is working fine in PT env,
Jaya,Value Shaping,4437884,28 March || UAT2 || | In AMS Solution Components - OCP/DCTA section and KDA reports in read-only mode instead it is displaying as Disabled,3/28/2026 0:00,Medium,CreativeCoders,3/20/2026,Bug leakage,,
Nandini,Value Shaping,4437894,28 March || UAT2 ||Value Shaping|In Configurator link Link to should be disabled when user attempt to tag the same SOP input again in another KPI,3/28/2026 0:00,Low,Spartans,3/20/2026,Bug leakage,Existing prod issue,
Nandini,Value Shaping,4442511,"March 28th|UAT2| Value Shaping | Configurator| When user copying value tree, Link to is not getting copied in target value tree",3/28/2026 0:00,Medium,Spartans,3/25/2026,Broken functionality,,
Nandini,Value Shaping,4442610,March 28th|UAT2| Value Shaping | SVP| Size of Prize Inputs are not displaying as expected,3/28/2026 0:00,Medium,Spartans,3/25/2026,Broken functionality,,
Pirtheebaa,Value Shaping,4443808,"March 28th|UAT2| Value Shaping | When user click on Opportunities breadcrumb from Opportunity workflow with V2V Configurator role, not able to see deals",3/28/2026 0:00,High,NGTransformers,3/26/2026,Broken functionality,,
Nandini,Value Shaping,4444999,March 28th|UAT2| Value Shaping | SVP| Getting different Size of Prize Inputs in summary screen when compared to SOP inputs in Tag KPI & Add details,3/28/2026 0:00,Medium,Spartans,3/26/2026,Both,,
Nandini,Value Shaping,4446913,"March 28 || Prod sanity || Value Shaping || Under 360 diagnostics ,initiative Assessment should be disabled for  configurator v2v role instead it is enabled and able to initiative",3/28/2026 0:00,Medium,Spartans,3/28/2026,Bug leakage,,
